ROWNUM;FullName;ShortName;AdmArea;District;PostalCode;Address;ChiefName;ChiefPosition;ChiefGender;ChiefPhone;PublicPhone;Fax;Email;CloseFlag;CloseReason;CloseDate;ReopenDate;WorkingHours;ClarificationOfWorkingHours;Specialization;BeneficialDrugPrescriptions;ExtraInfo;POINT_X;POINT_Y;GLOBALID;
1;"Государственное бюджетное учреждение здравоохранения города Москвы «Психоневрологический диспансер № 1 филиал Психиатрической клинической больницы № 1 имени Н. А. Алексеева Департамента здравоохранения города Москвы»";"ГБУЗ ПНД № 1 филиал ПКБ № 1 им. Н. А. Алексеева ДЗМ";"Западный административный округ";"район Раменки";"119285";"Мосфильмовская улица, дом 6";"Голубев Сергей Александрович";"заведующий филиалом";"мужской";"(499) 143-49-20";"(499) 143-49-20; (499) 143-49-14";"(499) 143-49-20";"";"действует";"";"";"";"понедельник 08:00-20:00; вторник 08:00-20:00; среда 08:00-20:00; четверг 08:00-20:00; пятница 08:00-20:00; суббота 09:00-16:00; воскресенье выходной";"";"психоневрологический";"на основании перечня лекарственных средств и изделий медицинского назначения для бесплатного и льготного обеспечения населения в рамках гарантированного объема бесплатной медицинской помощи на амбулаторном уровне";"";"37.52991";"55.724522";"85130956";
2;"Государственное бюджетное учреждение здравоохранения города Москвы «Психоневрологический диспансер № 2 филиал Психиатрической клинической больницы № 1 имени Н. А. Алексеева Департамента здравоохранения города Москвы»";"ГБУЗ ПНД № 2 филиал ПКБ № 1 им. Н. А. Алексеева ДЗМ";"Центральный административный округ";"район Арбат";"129091";"Смоленская площадь, дом 13/21";"Штангаров Борис Львович";"заведующий филиалом";"мужской";"(499) 248-49-80";"(499) 248-79-35";"(499) 248-49-80";"";"действует";"";"";"";"понедельник 08:00-20:00; вторник 08:00-20:00; среда 08:00-20:00; четверг 08:00-20:00; пятница 08:00-20:00; суббота 09:00-16:00; воскресенье выходной";"";"психоневрологический";"на основании перечня лекарственных средств и изделий медицинского назначения для бесплатного и льготного обеспечения населения в рамках гарантированного объема бесплатной медицинской помощи на амбулаторном уровне";"";"37.582271";"55.749576";"85130957";
3;"Государственное бюджетное учреждение здравоохранения города Москвы «Психоневрологический диспансер № 3 филиал Психиатрической клинической больницы № 4 имени П. Б. Ганнушкина Департамента здравоохранения города Москвы»";"ГБУЗ ПНД № 3 филиал ПКБ № 4 им. П. Б. Ганнушкина ДЗМ";"Северо-Западный административный округ";"район Покровское-Стрешнево";"125362";"улица Циолковского, дом 5";"Фишер Людмила Рубеновна";"заведующий филиалом";"женский";"(495) 491-69-66";"(495) 491-69-44";"(495) 491-69-44";"info@pnd3.mosgorzdrav.ru";"действует";"";"";"";"понедельник 08:00-20:00; вторник 08:00-20:00; среда 08:00-20:00; четверг 08:00-20:00; пятница 08:00-20:00; суббота 09:00-16:00; воскресенье выходной";"";"психоневрологический";"на основании перечня лекарственных средств и изделий медицинского назначения для бесплатного и льготного обеспечения населения в рамках гарантированного объема бесплатной медицинской помощи на амбулаторном уровне";"";"37.449883";"55.827807";"85130958";
4;"Государственное бюджетное учреждение здравоохранения города Москвы «Психоневрологический диспансер № 4 филиал Психиатрической клинической больницы № 4 имени П. Б. Ганнушкина Департамента здравоохранения города Москвы»";"ГБУЗ ПНД № 4 филиал ПКБ № 4 им. П. Б. Ганнушкина ДЗМ";"Северный административный округ";"Головинский район";"125493";"Смольная улица, дом 5";"Прытова Елена Борисовна";"заведующий филиалом";"женский";"(495) 452-42-90";"(495) 452-51-11";"(495) 452-58-01";"info@pnd4.mosgorzdrav.ru";"действует";"";"";"";"понедельник 08:00-20:00; вторник 08:00-20:00; среда 08:00-20:00; четверг 08:00-20:00; пятница 08:00-20:00; суббота 09:00-16:00; воскресенье выходной";"";"психоневрологический";"на основании перечня лекарственных средств и изделий медицинского назначения для бесплатного и льготного обеспечения населения в рамках гарантированного объема бесплатной медицинской помощи на амбулаторном уровне";"";"37.498299";"55.845439";"85130959";
5;"Государственное бюджетное учреждение здравоохранения города Москвы «Психоневрологический диспансер № 5 филиал Психиатрической клинической больницы № 4 имени П. Б. Ганнушкина Департамента здравоохранения города Москвы»";"ГБУЗ ПНД № 5 филиал ПКБ № 4 им. П. Б. Ганнушкина ДЗМ";"Северный административный округ";"Тимирязевский район";"125422";"улица Костякова, дом 8/6";"Кумечко Вадим Михайлович";"заведующий филиалом";"мужской";"(499) 976-11-00";"(499) 976-15-92";"(499) 976-11-00";"info@pnd5.mosgorzdrav.ru";"действует";"";"";"";"понедельник 08:00-20:00; вторник 08:00-20:00; среда 08:00-20:00; четверг 08:00-20:00; пятница 08:00-20:00; суббота 09:00-16:00; воскресенье выходной";"";"психоневрологический";"на основании перечня лекарственных средств и изделий медицинского назначения для бесплатного и льготного обеспечения населения в рамках гарантированного объема бесплатной медицинской помощи на амбулаторном уровне";"";"37.572073";"55.813047";"85130960";
7;"Государственное бюджетное учреждение здравоохранения города Москвы «Психоневрологический диспансер № 8 филиал № 1 Психиатрической клинической больницы № 3 имени В. А. Гиляровского Департамента здравоохранения города Москвы»";"ГБУЗ ПНД № 8 филиал № 1 ПКБ № 3 им. В. А. Гиляровского ДЗМ";"Восточный административный округ";"район Богородское";"107258";"Игральная улица, дом 8, строение 7";"Гукасян Эвелина Омаровна";"заведующий филиалом";"женский";"(499) 169-61-85";"(499) 169-41-60";"(499) 169-40-00";"info@pnd8.mosgorzdrav.ru";"действует";"";"";"";"понедельник 08:00-20:00; вторник 08:00-20:00; среда 08:00-20:00; четверг 08:00-20:00; пятница 08:00-20:00; суббота 09:00-16:00; воскресенье выходной";"";"психоневрологический";"на основании перечня лекарственных средств и изделий медицинского назначения для бесплатного и льготного обеспечения населения в рамках гарантированного объема бесплатной медицинской помощи на амбулаторном уровне";"Проезд: м «Преображенская площадь», м. «ул. Подбельского», автобус № 80, автолайн 80 до остановки ""Универсам"".";"37.71392";"55.814607";"85130962";
8;"Государственное бюджетное учреждение здравоохранения города Москвы «Психоневрологический диспансер № 9 филиал № 2 Психиатрической больницы № 3 имени В. А. Гиляровского Департамента здравоохранения города Москвы»";"ГБУЗ ПНД № 9 филиал № 2 ПБ № 3 им. В. А. Гиляровского ДЗМ";"Восточный административный округ";"район Соколиная Гора";"105275";"8-я улица Соколиной Горы, дом 28";"Холодова Елена Михайловна";"заведующий филиалом";"женский";"(495) 365-10-58";"(495) 365-15-36";"(499) 365-10-58";"info@pnd9.mosgorzdrav.ru";"действует";"";"";"";"понедельник 08:00-20:00; вторник 08:00-20:00; среда 08:00-20:00; четверг 08:00-20:00; пятница 08:00-20:00; суббота 09:00-16:00; воскресенье выходной";"";"психоневрологический";"на основании перечня лекарственных средств и изделий медицинского назначения для бесплатного и льготного обеспечения населения в рамках гарантированного объема бесплатной медицинской помощи на амбулаторном уровне";"Проезд: м. Шоссе Энтузиастов, м. Семеновская, далее авт. 141, 83, 36 до ост. ""Больница Соколиной горы""";"37.74336";"55.769776";"85130963";
9;"Государственное бюджетное учреждение здравоохранения города Москвы «Психоневрологический диспансер № 10 филиал № 1 Психиатрической больницы № 14 Департамента здравоохранения города Москвы»";"ГБУЗ ПНД № 10 филиал № 1 ПБ № 14 ДЗМ";"Юго-Восточный административный округ";"Южнопортовый район";"109193";"улица Петра Романова, дом 2, корпус 1";"Аношенко Марина Ивановна";"заведующий филиалом";"женский";"(495) 679-39-55";"(495) 679-44-85";"(495) 679-38-00";"info@pnd10.mosgorzdrav.ru";"действует";"";"";"";"понедельник 08:00-20:00; вторник 08:00-20:00; среда 08:00-20:00; четверг 08:00-20:00; пятница 08:00-20:00; суббота 09:00-16:00; воскресенье выходной";"";"психоневрологический";"на основании перечня лекарственных средств и изделий медицинского назначения для бесплатного и льготного обеспечения населения в рамках гарантированного объема бесплатной медицинской помощи на амбулаторном уровне";"Проезд: м. «Кожуховская», далее 5 минут пешком.";"37.679391";"55.709758";"85130964";
10;"Государственное казенное учреждение здравоохранения города Москвы «Психоневрологический диспансер № 11 филиал Городской психиатрической больницы № 13 Департамента здравоохранения города Москвы»";"ГБУЗ ПНД № 11 филиал № 1 ПБ № 13 ДЗМ";"Центральный административный округ";"Таганский район";"109029";"Средняя Калитниковская улица, дом 29";"Суетин Михаил Евгеньевич";"заведующий филиалом";"мужской";"(495) 911-17-34";"(495) 670-85-21";"(495) 670-85-18";"info@pnd11.mosgorzdrav.ru";"действует";"";"";"";"понедельник 08:00-20:00; вторник 08:00-20:00; среда 08:00-20:00; четверг 08:00-20:00; пятница 08:00-20:00; суббота 09:00-16:00; воскресенье выходной";"";"психоневрологический";"на основании перечня лекарственных средств и изделий медицинского назначения для бесплатного и льготного обеспечения населения в рамках гарантированного объема бесплатной медицинской помощи на амбулаторном уровне";"Проезд: метро «Пролетарская», далее 35 трамв. до остановки ""ул. Воловья"".";"37.689431";"55.735237";"85130965";
11;"Государственное бюджетное учреждение здравоохранения города Москвы «Психоневрологический диспансер № 12 филиал № 2 Городской психиатрической больницы № 13 Департамента здравоохранения города Москвы»";"ГБУЗ ПНД № 12 филиал № 2 ПБ № 13 ДЗМ";"Юго-Восточный административный округ";"район Лефортово";"111020";"Юрьевский переулок, дом 20";"Пащенко Надежда Юрьевна";"заведующий филиалом";"женский";"(495) 360-91-04";"(495) 360-31-35";"(495) 360-42-23";"info@pnd12.mosgorzdrav.ru";"действует";"";"";"";"понедельник 08:00-20:00; вторник 08:00-20:00; среда 08:00-20:00; четверг 08:00-20:00; пятница 08:00-20:00; суббота 09:00-16:00; воскресенье выходной";"";"психоневрологический";"на основании перечня лекарственных средств и изделий медицинского назначения для бесплатного и льготного обеспечения населения в рамках гарантированного объема бесплатной медицинской помощи на амбулаторном уровне";"";"37.71778";"55.764248";"85130966";
12;"Государственное бюджетное учреждение здравоохранения города Москвы «Психоневрологический диспансер № 13 филиал Психиатрической клинической больницы № 1 имени Н. А. Алексеева Департамента здравоохранения города Москвы»";"ГБУЗ ПНД № 13 филиал ПКБ № 1 им. Н. А. Алексеева ДЗМ";"Юго-Западный административный округ";"район Черёмушки";"117209";"Зюзинская улица, дом 1";"Вологжанина Галина Алексеевна";"заведующий филиалом";"женский";"(499) 120-22-55";"(499) 120-05-62";"(499) 125-72-95";"";"действует";"";"";"";"понедельник 08:00-20:00; вторник 08:00-20:00; среда 08:00-20:00; четверг 08:00-20:00; пятница 08:00-20:00; суббота 09:00-16:00; воскресенье выходной";"";"психоневрологический";"на основании перечня лекарственных средств и изделий медицинского назначения для бесплатного и льготного обеспечения населения в рамках гарантированного объема бесплатной медицинской помощи на амбулаторном уровне";"";"37.578586";"55.666891";"85130967";
13;"Государственное бюджетное учреждение здравоохранения города Москвы «Психоневрологический диспансер № 14 филиал № 3 Психиатрической больницы № 3 имени В. А. Гиляровского Департамента здравоохранения города Москвы»";"ГБУЗ ПНД № 14 филиал № 3 ПБ № 3 им. В. А. Гиляровского ДЗМ";"Центральный административный округ";"Тверской район";"127473";"Селезнёвская улица, дом 20";"Загиев Валерий Васильевич";"заведующий филиалом";"мужской";"(499) 972-14-74";"(499) 268-89-76";"(499) 972-14-74";"info@pnd14.mosgorzdrav.ru";"действует";"";"";"";"понедельник 08:00-20:00; вторник 08:00-20:00; среда 08:00-20:00; четверг 08:00-20:00; пятница 08:00-20:00; суббота 09:00-16:00; воскресенье выходной";"";"психоневрологический";"на основании перечня лекарственных средств и изделий медицинского назначения для бесплатного и льготного обеспечения населения в рамках гарантированного объема бесплатной медицинской помощи на амбулаторном уровне";"";"37.606319";"55.780352";"85130968";
14;"Государственное бюджетное учреждение здравоохранения города Москвы «Психоневрологический диспансер № 15 филиал № 4 Психиатрической больницы № 3 имени В. А. Гиляровского Департамента здравоохранения города Москвы»";"ГБУЗ ПНД № 15 филиал № 4 ПБ № 3 имени В. А. Гиляровского ДЗМ";"Центральный административный округ";"Басманный район";"101000";"Армянский переулок, дом 3-5, строение 4";"Курмышев Марат Витальевич";"заведующий филиалом";"мужской";"(499) 268-04-16; (495) 628-74-18";"(495) 623-58-53";"(495) 628-74-18";"";"действует";"";"";"";"понедельник 08:00-20:00; вторник 08:00-20:00; среда 08:00-20:00; четверг 08:00-20:00; пятница 08:00-20:00; суббота 09:00-16:00; воскресенье выходной";"";"психоневрологический";"на основании перечня лекарственных средств и изделий медицинского назначения для бесплатного и льготного обеспечения населения в рамках гарантированного объема бесплатной медицинской помощи на амбулаторном уровне";"Проезд: До ст. метро ""Чистые пруды"" по левой стороне от метро по Мясницкой улице до Банковского переулка далее на Армянский переулок прямо";"37.636875";"55.760771";"85130969";
15;"Государственное бюджетное учреждение здравоохранения города Москвы «Психоневрологический диспансер № 16 филиал № 2 Психиатрической клинической больницы № 15 Департамента здравоохранения города Москвы»";"ГБУЗ ПНД № 16 филиал № 2 ПКБ № 15 ДЗМ";"Северо-Восточный административный округ";"район Ростокино";"129226";"улица Докукина, дом 18, корпус 1";"Зязин Юрий Иванович";"заведующий филиалом";"мужской";"(499) 187-94-09";"(499) 181-00-82; (499) 181-22-87";"(499) 187-94-09";"";"действует";"";"";"";"понедельник 08:00-20:00; вторник 08:00-20:00; среда 08:00-20:00; четверг 08:00-20:00; пятница 08:00-20:00; суббота 09:00-16:00; воскресенье выходной";"";"психоневрологический";"на основании перечня лекарственных средств и изделий медицинского назначения для бесплатного и льготного обеспечения населения в рамках гарантированного объема бесплатной медицинской помощи на амбулаторном уровне";"";"37.648932";"55.84375";"85130970";
16;"Государственное бюджетное учреждение здравоохранения города Москвы «Психоневрологический диспансер № 17 филиал Психиатрической клинической больницы № 4 имени П. Б. Ганнушкина Департамента здравоохранения города Москвы»";"ГБУЗ ПНД № 17 филиал ПКБ № 4 им. П. Б. Ганнушкина ДЗМ";"Северо-Западный административный округ";"район Покровское-Стрешнево";"125362";"улица Свободы, дом 24/9";"Бычкова Лидия Ивановна";"заведующий филиалом";"женский";"(495) 490-15-31";"(495) 491-11-25";"(495) 491-31-88";"info@pnd17.mosgorzdrav.ru";"действует";"";"";"";"понедельник 08:00-20:00; вторник 08:00-20:00; среда 08:00-20:00; четверг 08:00-20:00; пятница 08:00-20:00; суббота 09:00-16:00; воскресенье выходной";"";"психоневрологический";"на основании перечня лекарственных средств и изделий медицинского назначения для бесплатного и льготного обеспечения населения в рамках гарантированного объема бесплатной медицинской помощи на амбулаторном уровне";"";"37.454684";"55.834431";"85130971";
17;"Государственное бюджетное учреждение здравоохранения города Москвы «Психоневрологический диспансер № 18 филиал № 2 Психиатрической больницы № 14 Департамента здравоохранения города Москвы»";"ГБУЗ ПНД № 18 филиал № 2 ПБ № 14 ДЗМ";"Южный административный округ";"район Москворечье-Сабурово";"115522";"Пролетарский проспект, дом 4";"Мамошин Андрей Игоревич";"заведующий филиалом";"мужской";"(495) 325-39-20";"(499) 324-04-70";"(499) 323-63-44";"info@pnd18.mosgorzdrav.ru";"действует";"";"";"";"понедельник 08:00-20:00; вторник 08:00-20:00; среда 08:00-20:00; четверг 08:00-20:00; пятница 08:00-20:00; суббота 09:00-16:00; воскресенье выходной";"";"психоневрологический";"на основании перечня лекарственных средств и изделий медицинского назначения для бесплатного и льготного обеспечения населения в рамках гарантированного объема бесплатной медицинской помощи на амбулаторном уровне";"Проезд: м. «Кантемировская», авт. 164, 220, ост. «Студ. Городок»; м. «Каширская», авт. 220, 164.";"37.65573";"55.646996";"85130972";
19;"Государственное бюджетное учреждение здравоохранения города Москвы «Психоневрологический диспансер № 20 филиал № 3 Городской психиатрической больницы № 13 Департамента здравоохранения города Москвы»";"ГБУЗ ПНД № 20 филиал № 3 ПБ № 13 ДЗМ";"Юго-Восточный административный округ";"район Кузьминки";"109462";"Волжский бульвар, дом 27, корпус 4";"Пономарева Татьяна Германовна";"заведующий филиалом";"женский";"(499) 179-31-81";"(499) 179-17-12";"(499) 179-33-43";"pnd20@mosgorzdrav.ru";"действует";"";"";"";"понедельник 08:00-20:00; вторник 08:00-20:00; среда 08:00-20:00; четверг 08:00-20:00; пятница 08:00-20:00; суббота 09:00-16:00; воскресенье выходной";"";"психоневрологический";"на основании перечня лекарственных средств и изделий медицинского назначения для бесплатного и льготного обеспечения населения в рамках гарантированного объема бесплатной медицинской помощи на амбулаторном уровне";"";"37.754036";"55.703684";"85130974";
22;"Государственное бюджетное учреждение здравоохранения города Москвы «Психоневрологический диспансер № 23 филиал Психиатрической клинической больницы № 1 имени Н. А. Алексеева Департамента здравоохранения города Москвы»";"ГБУЗ ПНД № 23 филиал ПКБ № 1 им. Н. А. Алексеева ДЗМ";"Центральный административный округ";"район Хамовники";"119021";"Фрунзенская набережная, дом 24/1";"Киселев Дмитрий Николаевич";"заведующий филиалом";"мужской";"(499) 242-47-35";"(499) 242-56-88";"(499) 242-47-35";"";"действует";"";"";"";"понедельник 08:00-20:00; вторник 08:00-20:00; среда 08:00-20:00; четверг 08:00-20:00; пятница 08:00-20:00; суббота 09:00-16:00; воскресенье выходной";"";"психоневрологический";"на основании перечня лекарственных средств и изделий медицинского назначения для бесплатного и льготного обеспечения населения в рамках гарантированного объема бесплатной медицинской помощи на амбулаторном уровне";"";"37.587281";"55.725577";"85130977";
23;"Государственное бюджетное учреждение здравоохранения города Москвы «Психоневрологический диспансер № 24 филиал Психиатрической клинической больницы № 1 имени Н. А. Алексеева Департамента здравоохранения города Москвы»";"ГБУЗ ПНД № 24 филиал ПКБ № 1 им. Н. А. Алексеева ДЗМ";"Западный административный округ";"район Ново-Переделкино";"119634";"Боровское шоссе, дом 54";"Березкин Александр Сергеевич";"заведующий филиалом";"мужской";"(495) 733-52-48";"(495) 733-52-45";"(495) 733-52-45";"";"действует";"";"";"";"понедельник 08:00-20:00; вторник 08:00-20:00; среда 08:00-20:00; четверг 08:00-20:00; пятница 08:00-20:00; суббота 09:00-16:00; воскресенье выходной";"";"психоневрологический";"на основании перечня лекарственных средств и изделий медицинского назначения для бесплатного и льготного обеспечения населения в рамках гарантированного объема бесплатной медицинской помощи на амбулаторном уровне";"";"37.345994";"55.635604";"85130978";
24;"Государственное казенное учреждение здравоохранения города Москвы «Филиал Московского городского научно-практического центра борьбы с туберкулезом по Юго-Восточному административному округу Департамента здравоохранения города Москвы»";"ГКУЗ филиал по ЮВАО МНПЦ БТ ДЗМ";"Юго-Восточный административный округ";"район Текстильщики";"109129";"8-я улица Текстильщиков, дом 2";"Волошина Евгения Петровна";"заведующий филиалом";"женский";"(499) 178-61-55";"(499) 179-60-10";"(499) 178-61-55";"info@ptd2.mosgorzdrav.ru";"действует";"";"";"";"понедельник 08:00-20:00; вторник 08:00-20:00; среда 08:00-20:00; четверг 08:00-20:00; пятница 08:00-20:00; суббота 09:00-16:00; воскресенье выходной";"";"противотуберкулёзный";"на основании перечня лекарственных средств и изделий медицинского назначения для бесплатного и льготного обеспечения населения в рамках гарантированного объема бесплатной медицинской помощи на амбулаторном уровне";"Проезд: ст. метро «Текстильщики» первый вагон из центра, выход из перехода направо, далее пешком через стадион АЗЛК.";"37.739024";"55.704254";"85130979";
25;"Государственное казенное учреждение здравоохранения города Москвы «Филиал Московского городского научно-практического центра борьбы с туберкулезом по Юго-западному административному округу Департамента здравоохранения города Москвы»";"ГКУЗ филиал по ЮЗАО МНПЦ БТ ДЗМ";"Юго-Западный административный округ";"район Черёмушки";"117209";"Севастопольский проспект, дом 26";"Мохирева Людмила Викентьевна";"заведующий филиалом";"женский";"(499) 120-41-09";"(499) 120-92-83";"(499) 128-33-45";"";"действует";"";"";"";"понедельник 08:00-20:00; вторник 08:00-20:00; среда 08:00-20:00; четверг 08:00-20:00; пятница 08:00-20:00; суббота выходной; воскресенье выходной";"";"противотуберкулёзный";"на основании перечня лекарственных средств и изделий медицинского назначения для бесплатного и льготного обеспечения населения в рамках гарантированного объема бесплатной медицинской помощи на амбулаторном уровне";"Проезд: От ст. м. «Профсоюзная», трол. 85, 49 , авт. 168, 57. От ст.м. «Каховка», авт. 826, 57. От ст. м. «Нагорная» авт. 258 до ост. «Зюзинская улица».";"37.58071";"55.667168";"85130980";
26;"Государственное казенное учреждение здравоохранения города Москвы «Филиал Московского городского научно-практического центра борьбы с туберкулезом по Южному административному округу Департамента здравоохранения города Москвы»";"ГКУЗ филиал по ЮАО МНПЦ БТ ДЗМ";"Южный административный округ";"район Нагатинский Затон";"115142";"улица Речников, дом 25";"Климов Григорий Владимирович";"заведующий филиалом";"мужской";"(499) 618-59-24";"(499) 614-63-15";"(499) 614-63-15";"info@ptd5.mosgorzdrav.ru";"действует";"";"";"";"понедельник 08:00-20:00; вторник 08:00-20:00; среда 08:00-20:00; четверг 08:00-20:00; пятница 08:00-20:00; суббота 09:00-16:00; воскресенье выходной";"";"противотуберкулёзный";"на основании перечня лекарственных средств и изделий медицинского назначения для бесплатного и льготного обеспечения населения в рамках гарантированного объема бесплатной медицинской помощи на амбулаторном уровне";"Проезд: м. «Коломенская», первый вагон из центра, выход к кинотеатру «Орбита», авт. № 670, 724, 751 до остановки «Диспансер».";"37.68977";"55.677578";"85130981";
27;"Государственное казенное учреждение здравоохранения города Москвы «Филиал Московского городского научно-практического центра борьбы с туберкулезом по Центральныому административного округа Департамента здравоохранения города Москвы»";"ГКУЗ филиал по ЦАО МНПЦ БТ ДЗМ";"Центральный административный округ";"Басманный район";"105005";"улица Радио, дом 18";"Ясюченя Татьяна Владимировна";"заведующий филиалом";"женский";"(499) 267-84-01";"(499) 261-09-45";"(499) 267-84-01";"info@ptd7.mosgorzdrav.ru";"действует";"";"";"";"понедельник 08:00-20:00; вторник 08:00-20:00; среда 08:00-20:00; четверг 08:00-20:00; пятница 08:00-20:00; суббота 09:00-16:00; воскресенье выходной";"";"противотуберкулёзный";"на основании перечня лекарственных средств и изделий медицинского назначения для бесплатного и льготного обеспечения населения в рамках гарантированного объема бесплатной медицинской помощи на амбулаторном уровне";"Проезд: метро Бауманская, далее трамвай № 45, 50 до ост. ""ул. Радио"" или метро Курская (кольцевая), метро Чкаловская, далее трамвай № 45,50 до ост. ""ул. Радио"".";"37.680751";"55.762797";"85130983";
28;"Государственное казенное учреждение здравоохранения города Москвы «Филиал Московского городского научно-практического центра борьбы с туберкулезом по Северо-Западному административному округу Департамента здравоохранения города Москвы»";"ГКУЗ филиал по СЗАО МНПЦ БТ ДЗМ";"Северо-Западный административный округ";"район Щукино";"123182";"Щукинская улица, дом 38";"Косырева Ирина Евгеньевна";"заведующий филиалом";"женский";"(499) 190-01-56";"(499) 190-04-11";"(499) 720-41-85";"info@ptd13.mosgorzdrav.ru";"действует";"";"";"";"понедельник 08:00-20:00; вторник 08:00-20:00; среда 08:00-20:00; четверг 08:00-20:00; пятница 08:00-20:00; суббота 09:00-16:00; воскресенье выходной";"";"противотуберкулёзный";"на основании перечня лекарственных средств и изделий медицинского назначения для бесплатного и льготного обеспечения населения в рамках гарантированного объема бесплатной медицинской помощи на амбулаторном уровне";"Проезд: ст. метро «Щукинская», далее пешком по ул. Щукинская по левой стороне, не доходя до Центрального Военного Госпиталя ФСБ РФ, повернуть налево.";"37.468894";"55.809341";"85130987";
29;"Государственное казенное учреждение здравоохранения города Москвы «Филиал Московского городского научно-практического центра борьбы с туберкулезом по Западному административному округу Департамента здравоохранения города Москвы»";"ГКУЗ филиал по ЗАО МНПЦ БТ ДЗМ";"Западный административный округ";"район Фили-Давыдково";"121108";"Тарутинская улица, дом 2";"Воробьева Татьяна Ивановна";"заведующий филиалом";"женский";"(499) 144-16-21";"(499) 142-87-34";"(499) 144-14-81";"info@ptd14.mosgorzdrav.ru";"действует";"";"";"";"понедельник 08:00-20:00; вторник 08:00-20:00; среда 08:00-20:00; четверг 08:00-20:00; пятница 08:00-20:00; суббота 09:00-16:00; воскресенье выходной";"";"противотуберкулёзный";"на основании перечня лекарственных средств и изделий медицинского назначения для бесплатного и льготного обеспечения населения в рамках гарантированного объема бесплатной медицинской помощи на амбулаторном уровне";"";"37.472996";"55.731615";"85130988";
30;"Государственное казенное учреждение здравоохранения города Москвы «Структурное подразделение филиала Московского городского научно-практического центра борьбы с туберкулезом по Юго-западному административному округу Департамента здравоохранения города Москвы»";"ГКУЗ СП филиала по ЮЗАО МНПЦ БТ ДЗМ";"Юго-Западный административный округ";"Обручевский район";"117630";"улица Новаторов, дом 17";"Тимофеева Елена Александровна";"заведующий филиалом";"женский";"(495) 935-14-59";"(499) 268-22-50";"";"";"действует";"";"";"";"понедельник 08:00-20:00; вторник 08:00-20:00; среда 08:00-20:00; четверг 08:00-20:00; пятница 08:00-20:00; суббота 09:00-16:00; воскресенье выходной";"";"противотуберкулёзный";"на основании перечня лекарственных средств и изделий медицинского назначения для бесплатного и льготного обеспечения населения в рамках гарантированного объема бесплатной медицинской помощи на амбулаторном уровне";"";"37.524681";"55.659556";"85130989";
31;"Государственное казенное учреждение здравоохранения города Москвы «Филиал Московского городского научно-практического центра борьбы с туберкулезом по Северному административному округу Московского городского научно-практического центра борьбы с туберкулёзом Департамента здравоохранения города Москвы»";"ГКУЗ филиал по САО МНПЦ БТ ДЗМ";"Северный административный округ";"район Коптево";"125438";"Михалковская улица, дом 65, корпус 1";"Чарова Елена Николаевна";"заведующий филиалом";"женский";"(495) 450-48-06";"(495) 450-49-00; (495) 450-59-81";"(495) 450-48-06";"info@ptd16.mosgorzdrav.ru";"действует";"";"";"";"понедельник 08:00-20:00; вторник 08:00-20:00; среда 08:00-20:00; четверг 08:00-20:00; пятница 08:00-20:00; суббота 09:00-16:00; воскресенье выходной";"";"противотуберкулёзный";"на основании перечня лекарственных средств и изделий медицинского назначения для бесплатного и льготного обеспечения населения в рамках гарантированного объема бесплатной медицинской помощи на амбулаторном уровне";"Проезд: м. Водный стадион, автобус № 123 до остановки ""Диспансер"", м. Войковская, автобус № 90 до остановки ""Диспансер "", м. Петровско-Разумовская, автобус № 123 до остановки «Диспансер».";"37.510112";"55.837013";"85130990";
32;"Государственное казенное учреждение здравоохранения города Москвы «Филиал Московского городского научно-практического центра борьбы с туберкулезом по Восточному административному округу Департамента здравоохранения города Москвы»";"ГКУЗ филиал по ВАО МНПЦ БТ ДЗМ";"Восточный административный округ";"район Измайлово";"105425";"Сиреневый бульвар, дом 6Б";"Левченко Марина Владимировна";"заведующий филиалом";"женский";"(499) 164-37-55";"(499) 164-37-55";"(499) 164-37-55";"info@ptd17.mosgorzdrav.ru";"действует";"";"";"";"понедельник 08:00-20:00; вторник 08:00-20:00; среда 08:00-20:00; четверг 08:00-20:00; пятница 08:00-20:00; суббота 09:00-16:00; воскресенье выходной";"";"противотуберкулёзный";"на основании перечня лекарственных средств и изделий медицинского назначения для бесплатного и льготного обеспечения населения в рамках гарантированного объема бесплатной медицинской помощи на амбулаторном уровне";"Проезд: ст. м. «Измайловская», авт., маршрутка 34 до остановки «Школа».";"37.776261";"55.801957";"85130991";
33;"Государственное казенное учреждение здравоохранения города Москвы «Филиал Московского городского научно-практического центра борьбы с туберкулезом по Северо-Восточному административному округу Департамента здравоохранения города Москвы»";"ГКУЗ филиал по СВАО МНПЦ БТ ДЗМ";"Северо-Восточный административный округ";"район Ростокино";"127254";"улица Докукина, дом 18";"Дитятков Александр Елизарович";"заведующий филиалом";"мужской";"(499) 187-16-49";"(499) 187-78-72";"(499) 187-96-90";"";"действует";"";"";"";"понедельник 08:00-20:00; вторник 08:00-20:00; среда 08:00-20:00; четверг 08:00-20:00; пятница 08:00-20:00; суббота 09:00-16:00; воскресенье выходной";"";"противотуберкулёзный";"на основании перечня лекарственных средств и изделий медицинского назначения для бесплатного и льготного обеспечения населения в рамках гарантированного объема бесплатной медицинской помощи на амбулаторном уровне";"";"37.648163";"55.842725";"85130992";
34;"Государственное казенное учреждение здравоохранения города Москвы «Структурное подразделение филиала Московского городского научно-практического центра борьбы с туберкулезом по Восточному административному округу Департамента здравоохранения города Москвы»";"ГКУЗ СП филиала по ВАО МНПЦ БТ ДЗМ";"Восточный административный округ";"район Перово";"111399";"улица Металлургов, дом 37";"Левченко Марина Владимировна";"заведующий филиалом";"женский";"(495) 304-02-02";"(495) 304-98-54";"(495) 304-02-02";"";"действует";"";"";"";"понедельник 08:00-20:00; вторник 08:00-20:00; среда 08:00-20:00; четверг 08:00-20:00; пятница 08:00-20:00; суббота выходной; воскресенье выходной";"";"противотуберкулёзный";"на основании перечня лекарственных средств и изделий медицинского назначения для бесплатного и льготного обеспечения населения в рамках гарантированного объема бесплатной медицинской помощи на амбулаторном уровне";"";"37.799361";"55.761258";"85130994";
36;"Государственное бюджетное учреждение здравоохранения города Москвы «Онкологический диспансер № 2 филиал Городской онкологической больницы № 62 Департамента здравоохранения города Москвы»";"ГБУЗ ОД № 2 филиал ГОБ № 62 ДЗМ";"Северный административный округ";"Войковский район";"125130";"Старопетровский проезд, дом 6";"Радлевич Вадим Валерианович";"заведующий филиалом";"мужской";"(499) 150-15-19";"(495) 666-30-12";"(495) 666-30-15";"info@od2.mosgorzdrav.ru";"действует";"";"";"";"понедельник 08:00-20:00; вторник 08:00-20:00; среда 08:00-20:00; четверг 08:00-20:00; пятница 08:00-20:00; суббота 08:00-16:00; воскресенье выходной";"";"онкологический";"на основании перечня лекарственных средств и изделий медицинского назначения для бесплатного и льготного обеспечения населения в рамках гарантированного объема бесплатной медицинской помощи на амбулаторном уровне";"Проезд: м. Войковская (выход к к/т «Варшава»), авт. № 90, 114 (1 остановка).";"37.503359";"55.823327";"85131005";
41;"Государственное бюджетное учреждение здравоохранения города Москвы «Московский научно-практический центр дерматовенерологии и косметологии филиал Центральный Департамента здравоохранения города Москвы»";"ГБУЗ МНПЦДК филиал Центральный ДЗМ";"Центральный административный округ";"Тверской район";"127473";"Селезнёвская улица, дом 20";"Жукова Ольга Валентиновна";"заведующий филиалом";"женский";"(499) 973-54-17";"(499) 978-05-36";"(499) 973-36-50";"";"действует";"";"";"";"понедельник 08:00-20:00; вторник 08:00-20:00; среда 08:00-20:00; четверг 08:00-20:00; пятница 08:00-20:00; суббота 09:00-16:00; воскресенье выходной";"";"кожно-венерологический";"на основании перечня лекарственных средств и изделий медицинского назначения для бесплатного и льготного обеспечения населения в рамках гарантированного объема бесплатной медицинской помощи на амбулаторном уровне";"";"37.606319";"55.780352";"87755781";
52;"Государственное бюджетное учреждение здравоохранения города Москвы «Центр профилактической дерматологии филиал Московского центра дерматовенерологии и косметологии Департамента здравоохранения города Москвы»";"ГБУЗ ЦПД филиал МНПЦДК ДЗМ";"Южный административный округ";"Донской район";"115419";"улица Шаболовка, дом 46, корпус 2";"Маджид Хишмит Хамид";"заведующий филиалом";"мужской";"(495) 952-27-94";"(495) 954-39-87";"(495) 952-27-94";"";"действует";"";"";"";"понедельник 08:00-20:00; вторник 08:00-20:00; среда 08:00-20:00; четверг 08:00-20:00; пятница 08:00-20:00; суббота 09:00-16:00; воскресенье выходной";"";"кожно-венерологический";"на основании перечня лекарственных средств и изделий медицинского назначения для бесплатного и льготного обеспечения населения в рамках гарантированного объема бесплатной медицинской помощи на амбулаторном уровне";"";"37.605716";"55.714448";"87755792";
70;"Государственное бюджетное учреждение здравоохранения города Москвы «Онкологический диспансер № 3 филиал Городской клинической больницы № 57 Департамента здравоохранения города Москвы»";"ГБУЗ ОД № 3 филиал ГКБ № 57 ДЗМ";"Восточный административный округ";"район Измайлово";"105264";"Верхняя Первомайская улица, дом 29";"Стражев Сергей Васильевич";"заведующий филиалом";"мужской";"(499) 163-05-22";"(499) 165-83-40";"(499) 163-05-22";"";"действует";"";"";"";"понедельник 08:00-20:00; вторник 08:00-20:00; среда 08:00-20:00; четверг 08:00-20:00; пятница 08:00-20:00; суббота 09:00-16:00; воскресенье выходной";"";"онкологический";"на основании перечня лекарственных средств и изделий медицинского назначения для бесплатного и льготного обеспечения населения в рамках гарантированного объема бесплатной медицинской помощи на амбулаторном уровне";"";"37.789247";"55.799481";"87776613";
71;"Государственное бюджетное учреждение здравоохранения города Москвы «Филиал Московского городского научно-практического центра борьбы с туберкулезом по Зеленоградскому административному округу Департамента здравоохранения города Москвы»";"ГКУЗ филиал по ЗелАО МНПЦ БТ ДЗМ";"Зеленоградский административный округ";"район Матушкино";"124305";"город Зеленоград, 1-й Западный проезд, дом 8, строение 1";"Соколова Наталья Николаевна";"заведующий филиалом";"женский";"(499) 734-52-27";"(499) 734-52-27";"(499) 734-52-27";"";"действует";"";"";"";"понедельник 08:00-20:00; вторник 08:00-20:00; среда 08:00-20:00; четверг 08:00-20:00; пятница 08:00-20:00; суббота 09:00-16:00; воскресенье выходной";"";"противотуберкулёзный";"на основании перечня лекарственных средств и изделий медицинского назначения для бесплатного и льготного обеспечения населения в рамках гарантированного объема бесплатной медицинской помощи на амбулаторном уровне";"";"37.196115";"56.010248";"87776614";
72;"Государственное бюджетное учреждение здравоохранения города Москвы «Московский научно-практический центр наркологии филиал № 1 Департамента здравоохранения города Москвы»";"ГБУЗ МНПЦ Н филиал № 1 ДЗМ";"Центральный административный округ";"район Замоскворечье";"115035";"Садовническая улица, дом 73, строение 2";"Глазкова Людмила Ивановна";"заведующий филиалом";"женский";"(495) 951-85-01";"(495) 951-83-87";"(495) 951-85-01";"";"действует";"";"";"";"понедельник 08:00-20:00; вторник 08:00-20:00; среда 08:00-20:00; четверг 08:00-20:00; пятница 08:00-20:00; суббота 09:00-16:00; воскресенье выходной";"";"наркологический";"на основании перечня лекарственных средств и изделий медицинского назначения для бесплатного и льготного обеспечения населения в рамках гарантированного объема бесплатной медицинской помощи на амбулаторном уровне";"";"37.643129";"55.736452";"87776615";
73;"Государственное бюджетное учреждение здравоохранения города Москвы «Московский научно-практический центр наркологии филиал № 9 Департамента здравоохранения города Москвы». Филиал";"ГКУЗ МНПЦ Н филиал № 9 ДЗМ. Филиал";"Северо-Западный административный округ";"район Хорошёво-Мнёвники";"123103";"проспект Маршала Жукова, дом 64, корпус 2";"Глазкова Людмила Ивановна";"заведующий филиалом";"женский";"(495) 951-85-01";"(495) 951-83-87";"(495) 951-85-01";"";"действует";"";"";"";"понедельник 08:00-20:00; вторник 08:00-20:00; среда 08:00-20:00; четверг 08:00-20:00; пятница 08:00-20:00; суббота 09:00-16:00; воскресенье выходной";"";"наркологический";"на основании перечня лекарственных средств и изделий медицинского назначения для бесплатного и льготного обеспечения населения в рамках гарантированного объема бесплатной медицинской помощи на амбулаторном уровне";"";"37.458585";"55.779454";"87776616";
74;"Государственное бюджетное учреждение здравоохранения города Москвы «Московский научно-практический центр наркологии филиал № 2 Департамента здравоохранения города Москвы»";"ГБУЗ МНПЦ Н филиал № 2 ДЗМ";"Северный административный округ";"Хорошёвский район";"123308";"Куусинена улица, дом 4, корпус 3";"Долгий Сергей Владимирович";"заведующий филиалом";"мужской";"(499) 195-00-50";"(499) 195-30-05";"(499) 195-00-50";"";"действует";"";"";"";"понедельник 08:00-20:00; вторник 08:00-20:00; среда 08:00-20:00; четверг 08:00-20:00; пятница 08:00-20:00; суббота 09:00-16:00; воскресенье выходной";"";"наркологический";"на основании перечня лекарственных средств и изделий медицинского назначения для бесплатного и льготного обеспечения населения в рамках гарантированного объема бесплатной медицинской помощи на амбулаторном уровне";"";"37.517758";"55.779709";"87776617";
75;"Государственное бюджетное учреждение здравоохранения города Москвы «Московский научно-практический центр наркологии филиал № 3 Департамента здравоохранения города Москвы»";"ГБУЗ МНПЦ Н филиал № 3 ДЗМ";"Северо-Восточный административный округ";"Лосиноостровский район";"129336";"Таймырская улица, дом 8, корпус 1";"Зимина Татьяна Анатольевна";"заведующий филиалом";"женский";"(495) 474-78-38";"(495) 474-77-01";"(495) 474-78-38";"";"действует";"";"";"";"понедельник 08:00-20:00; вторник 08:00-20:00; среда 08:00-20:00; четверг 08:00-20:00; пятница 08:00-20:00; суббота 09:00-16:00; воскресенье выходной";"";"наркологический";"на основании перечня лекарственных средств и изделий медицинского назначения для бесплатного и льготного обеспечения населения в рамках гарантированного объема бесплатной медицинской помощи на амбулаторном уровне";"";"37.702336";"55.884799";"87776618";
76;"Государственное бюджетное учреждение здравоохранения города Москвы «Московский научно-практический центр наркологии филиал № 4 Департамента здравоохранения города Москвы»";"ГБУЗ МНПЦ Н филиал № 4 ДЗМ";"Восточный административный округ";"район Соколиная Гора";"105187";"Щербаковская улица, дом 57/20";"Полятыкин Сергей Анатольевич";"заведующий филиалом";"мужской";"(499) 166-73-54";"(499) 166-76-38";"(499) 166-73-54";"";"действует";"";"";"";"понедельник 08:00-20:00; вторник 08:00-20:00; среда 08:00-20:00; четверг 08:00-20:00; пятница 08:00-20:00; суббота 09:00-16:00; воскресенье выходной";"";"наркологический";"на основании перечня лекарственных средств и изделий медицинского назначения для бесплатного и льготного обеспечения населения в рамках гарантированного объема бесплатной медицинской помощи на амбулаторном уровне";"";"37.741548";"55.783391";"87776619";
77;"Государственное бюджетное учреждение здравоохранения города Москвы «Московский научно-практический центр наркологии филиал № 5 Департамента здравоохранения города Москвы»";"ГБУЗ МНПЦ Н филиал № 5 ДЗМ";"Юго-Восточный административный округ";"район Кузьминки";"109462";"Маршала Чуйкова улица, дом 24";"Власовских Роман Владимирович";"заведующий филиалом";"мужской";"(499) 178-18-45";"(499) 178-31-94";"(499) 178-18-45";"";"действует";"";"";"";"понедельник 08:00-20:00; вторник 08:00-20:00; среда 08:00-20:00; четверг 08:00-20:00; пятница 08:00-20:00; суббота 09:00-16:00; воскресенье выходной";"";"наркологический";"на основании перечня лекарственных средств и изделий медицинского назначения для бесплатного и льготного обеспечения населения в рамках гарантированного объема бесплатной медицинской помощи на амбулаторном уровне";"";"37.760483";"55.698596";"87776620";
78;"Государственное бюджетное учреждение здравоохранения города Москвы «Московский научно-практический центр наркологии филиал № 6 Департамента здравоохранения города Москвы»";"ГБУЗ МНПЦ Н филиал № 6 ДЗМ";"Южный административный округ";"Даниловский район";"115280";"2-й Автозаводский проезд, дом 4, строение 1";"Бегунов Валентин Иванович";"заведующий филиалом";"мужской";"(495) 675-45-97";"(495) 675-24-46";"(495) 675-45-97";"";"действует";"";"";"";"понедельник 08:00-20:00; вторник 08:00-20:00; среда 08:00-20:00; четверг 08:00-20:00; пятница 08:00-20:00; суббота 09:00-16:00; воскресенье выходной";"";"наркологический";"на основании перечня лекарственных средств и изделий медицинского назначения для бесплатного и льготного обеспечения населения в рамках гарантированного объема бесплатной медицинской помощи на амбулаторном уровне";"";"37.659007";"55.705685";"87776621";
79;"Государственное бюджетное учреждение здравоохранения города Москвы «Московский научно-практический центр наркологии филиал № 7 Департамента здравоохранения города Москвы»";"ГБУЗ МНПЦ Н филиал № 7 ДЗМ";"Юго-Западный административный округ";"Академический район";"117449";"Шверника улица, дом 10А";"Зыков Олег Владимирович";"заведующий филиалом";"мужской";"(499) 126-34-75";"(499) 126-25-01";"(499) 126-34-75";"";"действует";"";"";"";"понедельник 08:00-20:00; вторник 08:00-20:00; среда 08:00-20:00; четверг 08:00-20:00; пятница 08:00-20:00; суббота 09:00-16:00; воскресенье выходной";"";"наркологический";"на основании перечня лекарственных средств и изделий медицинского назначения для бесплатного и льготного обеспечения населения в рамках гарантированного объема бесплатной медицинской помощи на амбулаторном уровне";"";"37.585239";"55.691323";"87776622";
80;"Государственное бюджетное учреждение здравоохранения города Москвы «Московский научно-практический центр наркологии филиал № 8 Департамента здравоохранения города Москвы»";"ГБУЗ МНПЦ Н филиал № 8 ДЗМ";"Западный административный округ";"район Филёвский Парк";"121096";"Барклая улица, дом 5, строение 6";"Трухачев Сергей Васильевич";"заведующий филиалом";"мужской";"(499) 145-00-44";"(499) 145-00-11";"(499) 145-00-44";"";"действует";"";"";"";"понедельник 08:00-20:00; вторник 08:00-20:00; среда 08:00-20:00; четверг 08:00-20:00; пятница 08:00-20:00; суббота 09:00-16:00; воскресенье выходной";"";"наркологический";"на основании перечня лекарственных средств и изделий медицинского назначения для бесплатного и льготного обеспечения населения в рамках гарантированного объема бесплатной медицинской помощи на амбулаторном уровне";"";"37.502897";"55.739267";"87776623";
81;"Государственное бюджетное учреждение здравоохранения города Москвы «Московский научно-практический центр наркологии филиал № 8 Департамента здравоохранения города Москвы». Филиал 1";"ГБУЗ МНПЦ Н филиал № 8 ДЗМ. Филиал 1";"Западный административный округ";"район Филёвский Парк";"121108";"Кастанаевская улица, дом 26";"Трухачев Сергей Васильевич";"заведующий филиалом";"мужской";"(499) 145-00-44";"(499) 145-00-11";"(499) 145-00-44";"";"действует";"";"";"";"понедельник 08:00-20:00; вторник 08:00-20:00; среда 08:00-20:00; четверг 08:00-20:00; пятница 08:00-20:00; суббота 09:00-16:00; воскресенье выходной";"";"наркологический";"на основании перечня лекарственных средств и изделий медицинского назначения для бесплатного и льготного обеспечения населения в рамках гарантированного объема бесплатной медицинской помощи на амбулаторном уровне";"";"37.489372";"55.738103";"87776624";
82;"Государственное бюджетное учреждение здравоохранения города Москвы «Московский научно-практический центр наркологии филиал № 8 Департамента здравоохранения города Москвы». Филиал 2";"ГБУЗ МНПЦ Н филиал № 8 ДЗМ. Филиал 2";"Западный административный округ";"район Филёвский Парк";"196340";"Боровское шоссе, дом 46";"Трухачев Сергей Васильевич";"заведующий филиалом";"мужской";"(499) 145-00-44";"(499) 145-00-11";"(499) 145-00-44";"";"действует";"";"";"";"понедельник 08:00-20:00; вторник 08:00-20:00; среда 08:00-20:00; четверг 08:00-20:00; пятница 08:00-20:00; суббота 09:00-16:00; воскресенье выходной";"";"наркологический";"на основании перечня лекарственных средств и изделий медицинского назначения для бесплатного и льготного обеспечения населения в рамках гарантированного объема бесплатной медицинской помощи на амбулаторном уровне";"";"37.348042";"55.636234";"87776625";
83;"Государственное бюджетное учреждение здравоохранения города Москвы «Московский научно-практический центр наркологии филиал № 9 Департамента здравоохранения города Москвы»";"ГБУЗ МНПЦ Н филиал № 9 ДЗМ";"Северо-Западный административный округ";"район Покровское-Стрешнево";"125362";"Мещерякова улица, дом 4, корпус 1";"Панченко Светлана Эдуардовна";"заведующий филиалом";"женский";"(495) 491-64-14";"(495) 491-66-82";"(495) 491-64-14";"";"действует";"";"";"";"понедельник 08:00-20:00; вторник 08:00-20:00; среда 08:00-20:00; четверг 08:00-20:00; пятница 08:00-20:00; суббота 09:00-16:00; воскресенье выходной";"";"наркологический";"на основании перечня лекарственных средств и изделий медицинского назначения для бесплатного и льготного обеспечения населения в рамках гарантированного объема бесплатной медицинской помощи на амбулаторном уровне";"";"37.449858";"55.832861";"87776626";
84;"Государственное бюджетное учреждение здравоохранения города Москвы «Московский научно-практический центр наркологии филиал № 9 Департамента здравоохранения города Москвы». Филиал 1";"ГБУЗ МНПЦ Н филиал № 9 ДЗМ. Филиал 1";"Юго-Западный административный округ";"Ломоносовский район";"119313";"Ленинский проспект, дом 89А";"Панченко Светлана Эдуардовна";"заведующий филиалом";"женский";"(495) 491-64-14";"(495) 491-66-82";"(495) 491-64-14";"";"действует";"";"";"";"понедельник 08:00-20:00; вторник 08:00-20:00; среда 08:00-20:00; четверг 08:00-20:00; пятница 08:00-20:00; суббота 09:00-16:00; воскресенье выходной";"";"наркологический";"на основании перечня лекарственных средств и изделий медицинского назначения для бесплатного и льготного обеспечения населения в рамках гарантированного объема бесплатной медицинской помощи на амбулаторном уровне";"";"37.532757";"55.676606";"87776627";
85;"Государственное бюджетное учреждение здравоохранения города Москвы «Московский научно-практический центр наркологии филиал № 9 Департамента здравоохранения города Москвы». Филиал 2";"ГБУЗ МНПЦ Н филиал № 9 ДЗМ. Филиал 2";"Юго-Западный административный округ";"район Северное Бутово";"117216";"Грина улица, дом 3, корпус 2";"Панченко Светлана Эдуардовна";"заведующий филиалом";"женский";"(495) 491-64-14";"(495) 491-66-82";"(495) 491-64-14";"";"действует";"";"";"";"понедельник 08:00-20:00; вторник 08:00-20:00; среда 08:00-20:00; четверг 08:00-20:00; пятница 08:00-20:00; суббота 09:00-16:00; воскресенье выходной";"";"наркологический";"на основании перечня лекарственных средств и изделий медицинского назначения для бесплатного и льготного обеспечения населения в рамках гарантированного объема бесплатной медицинской помощи на амбулаторном уровне";"";"37.576048";"55.565223";"87776628";
86;"Государственное бюджетное учреждение здравоохранения города Москвы «Московский научно-практический центр наркологии филиал № 10 Департамента здравоохранения города Москвы»";"ГБУЗ МНПЦ Н филиал № 10 ДЗМ";"Зеленоградский административный округ";"район Савёлки";"124489";"город Зеленоград, Каштановая аллея улица, дом 8, строение 1";"Квасов Сергей Викторович";"заведующий филиалом";"мужской";"(499) 734-91-33";"(499) 736-47-62";"(499) 734-91-33";"";"действует";"";"";"";"понедельник 08:00-20:00; вторник 08:00-20:00; среда 08:00-20:00; четверг 08:00-20:00; пятница 08:00-20:00; суббота 09:00-16:00; воскресенье выходной";"";"наркологический";"на основании перечня лекарственных средств и изделий медицинского назначения для бесплатного и льготного обеспечения населения в рамках гарантированного объема бесплатной медицинской помощи на амбулаторном уровне";"";"37.237364";"55.983838";"87776629";
87;"Государственное бюджетное учреждение здравоохранения города Москвы «Центр профилактики и лечения табачной и нехимических зависимостей филиал Московского научно-практического центра наркологии Департамента здравоохранения города Москвы»";"ЦПЛТиНЗ (филиал МНПЦ Н)";"Центральный административный округ";"район Хамовники";"119034";"Остоженка улица, дом 53А";"Кутушев Олег Талгатович";"заведующий филиалом";"мужской";"(499) 245-07-48";"(499) 245-03-85";"(499) 245-07-48";"";"действует";"";"";"";"понедельник 08:00-20:00; вторник 08:00-20:00; среда 08:00-20:00; четверг 08:00-20:00; пятница 08:00-20:00; суббота 09:00-16:00; воскресенье выходной";"";"наркологический";"на основании перечня лекарственных средств и изделий медицинского назначения для бесплатного и льготного обеспечения населения в рамках гарантированного объема бесплатной медицинской помощи на амбулаторном уровне";"";"37.595551";"55.736567";"87776630";
90;"Государственное казенное учреждение здравоохранения города Москвы «Городской клинико-диагностический центр Московского городского научно-практического центра борьбы с туберкулезом Департамента здравоохранения города Москвы»";"ГКУЗ КДЦ филиал МНПЦ БТ ДЗМ";"Восточный административный округ";"район Преображенское";"107061";"улица Преображенский Вал, дом 19";"Борисов Сергей Евгеньевич";"заведующий филиалом";"мужской";"(499) 161-02-30";"(499) 161-23-61";"(499) 161-23-61";"";"действует";"";"";"";"понедельник 08:00-20:00; вторник 08:00-20:00; среда 08:00-20:00; четверг 08:00-20:00; пятница 08:00-20:00; суббота 09:00-16:00; воскресенье выходной";"";"противотуберкулёзный";"на основании перечня лекарственных средств и изделий медицинского назначения для бесплатного и льготного обеспечения населения в рамках гарантированного объема бесплатной медицинской помощи на амбулаторном уровне";"";"37.716471";"55.792326";"89099132";
91;"Государственное бюджетное учреждение здравоохранения города Москвы «Московский научно-практический центр дерматовенерологии и косметологии Центр детской дерматологии и косметологии Департамента здравоохранения города Москвы»";"ГБУЗ МНПЦДК центр детской дерматологии и косметологии ДЗМ";"Северо-Восточный административный округ";"Останкинский район";"129085";"улица Бочкова, дом 4А";"Турбовская Светлана Николаевна";"заведующий филиалом";"женский";"(495) 602-47-30";"(495) 602-47-31";"(495) 602-47-30";"";"действует";"";"";"";"понедельник 08:00-20:00; вторник 08:00-20:00; среда 08:00-20:00; четверг 08:00-20:00; пятница 08:00-20:00; суббота 09:00-16:00; воскресенье выходной";"";"кожно-венерологический";"на основании перечня лекарственных средств и изделий медицинского назначения для бесплатного и льготного обеспечения населения в рамках гарантированного объема бесплатной медицинской помощи на амбулаторном уровне";"";"37.634774";"55.811328";"91994450";
